{"cameraMode":{"drawMode":0,"name":"Shaded","section":"Shading Mode"},"sceneLighting":true,"audioPlay":false,"sceneViewState":{"showFog":true,"showMaterialUpdate":true,"showSkybox":true,"showFlares":true,"showImageEffects":true,"showParticleSystems":true},"in2DMode":false,"pivot":{"x":7.09235954284668,"y":-6.401572227478027,"z":-10.76390552520752},"rotation":{"x":-0.047360144555568698,"y":0.9535530805587769,"z":-0.20790427923202516,"w":-0.21424995362758637},"size":20.005186080932618,"orthographic":false}