{"cameraMode":{"drawMode":0,"name":"Shaded","section":"Shading Mode"},"sceneLighting":true,"audioPlay":false,"sceneViewState":{"showFog":true,"showMaterialUpdate":true,"showSkybox":false,"showFlares":true,"showImageEffects":true,"showParticleSystems":true},"in2DMode":false,"pivot":{"x":481.0,"y":227.77894592285157,"z":1.0226445198059083},"rotation":{"x":-0.13345967233181,"y":0.6505003571510315,"z":-0.11757559329271317,"w":-0.7384225726127625},"size":1776.0972900390625,"orthographic":false}