{"cameraMode":{"drawMode":0,"name":"Shaded","section":"Shading Mode"},"sceneLighting":true,"audioPlay":false,"sceneViewState":{"showFog":true,"showMaterialUpdate":true,"showSkybox":true,"showFlares":true,"showImageEffects":true,"showParticleSystems":true},"in2DMode":false,"pivot":{"x":959.9998779296875,"y":415.0,"z":0.00003910064697265625},"rotation":{"x":0.05602101609110832,"y":0.4373117983341217,"z":0.0280890092253685,"w":-0.8974313735961914},"size":233.3452606201172,"orthographic":false}