{"cameraMode":{"drawMode":0,"name":"Shaded","section":"Shading Mode"},"sceneLighting":true,"audioPlay":false,"sceneViewState":{"showFog":true,"showMaterialUpdate":true,"showSkybox":true,"showFlares":true,"showImageEffects":true,"showParticleSystems":true},"in2DMode":false,"pivot":{"x":27.208621978759767,"y":-0.1778540015220642,"z":-0.4595701992511749},"rotation":{"x":0.03722869232296944,"y":0.6759479641914368,"z":-0.03530757129192352,"w":0.7355377674102783},"size":18.065555572509767,"orthographic":false}