{"cameraMode":{"drawMode":0,"name":"Shaded","section":"Shading Mode"},"sceneLighting":true,"audioPlay":false,"sceneViewState":{"showFog":true,"showMaterialUpdate":true,"showSkybox":false,"showFlares":true,"showImageEffects":true,"showParticleSystems":true},"in2DMode":false,"pivot":{"x":-0.1684436798095703,"y":1.3578801155090333,"z":1.0226445198059083},"rotation":{"x":-0.15087921917438508,"y":-0.15009354054927827,"z":0.023868510499596597,"w":-0.9770819544792175},"size":20.005186080932618,"orthographic":false}