{"cameraMode":{"drawMode":0,"name":"Shaded","section":"Shading Mode"},"sceneLighting":true,"audioPlay":false,"sceneViewState":{"showFog":true,"showMaterialUpdate":true,"showSkybox":true,"showFlares":true,"showImageEffects":true,"showParticleSystems":true},"in2DMode":false,"pivot":{"x":-9.694223403930664,"y":3.5263853073120119,"z":8.568758964538575},"rotation":{"x":-0.033479057252407077,"y":-0.9539779424667358,"z":0.11839207261800766,"w":-0.27448785305023196},"size":3.2834582328796388,"orthographic":false}