{"cameraMode":{"drawMode":0,"name":"Shaded","section":"Shading Mode"},"sceneLighting":false,"audioPlay":false,"sceneViewState":{"showFog":true,"showMaterialUpdate":true,"showSkybox":false,"showFlares":true,"showImageEffects":true,"showParticleSystems":true},"in2DMode":false,"pivot":{"x":1.434236764907837e-7,"y":-1.695007085800171e-7,"z":0.00087750144302845},"rotation":{"x":0.17690399289131165,"y":0.5596559643745422,"z":-0.124209925532341,"w":0.8003942370414734},"size":0.11877299845218659,"orthographic":false}