{"cameraMode":{"drawMode":0,"name":"Shaded","section":"Shading Mode"},"sceneLighting":true,"audioPlay":false,"sceneViewState":{"showFog":true,"showMaterialUpdate":true,"showSkybox":true,"showFlares":true,"showImageEffects":true,"showParticleSystems":true},"in2DMode":false,"pivot":{"x":-11.039758682250977,"y":3.760568141937256,"z":-8.652868270874024},"rotation":{"x":0.08732005953788758,"y":-0.6687574982643127,"z":0.0779845267534256,"w":0.7345345616340637},"size":0.31360870599746706,"orthographic":false}