{"cameraMode":{"drawMode":0,"name":"Shaded","section":"Shading Mode"},"sceneLighting":true,"audioPlay":false,"sceneViewState":{"showFog":true,"showMaterialUpdate":true,"showSkybox":false,"showFlares":true,"showImageEffects":true,"showParticleSystems":true},"in2DMode":false,"pivot":{"x":-17.965396881103517,"y":-2.5146689414978029,"z":-2.9526662826538088},"rotation":{"x":-0.04580070450901985,"y":0.7713949084281921,"z":-0.05587686225771904,"w":-0.6322832703590393},"size":20.005186080932618,"orthographic":false}