{"cameraMode":{"drawMode":0,"name":"Shaded","section":"Shading Mode"},"sceneLighting":true,"audioPlay":false,"sceneViewState":{"showFog":true,"showMaterialUpdate":true,"showSkybox":true,"showFlares":true,"showImageEffects":true,"showParticleSystems":true},"in2DMode":false,"pivot":{"x":-0.1684436798095703,"y":1.3578805923461915,"z":1.0226445198059083},"rotation":{"x":0.04223689064383507,"y":-0.07628901302814484,"z":0.0025813730899244549,"w":0.9964662194252014},"size":20.005186080932618,"orthographic":false}