{"cameraMode":{"drawMode":0,"name":"Shaded","section":"Shading Mode"},"sceneLighting":true,"audioPlay":false,"sceneViewState":{"showFog":true,"showMaterialUpdate":true,"showSkybox":true,"showFlares":true,"showImageEffects":true,"showParticleSystems":true},"in2DMode":false,"pivot":{"x":0.47680360078811648,"y":1.3382303714752198,"z":0.8632973432540894},"rotation":{"x":0.031230870634317399,"y":0.7279287576675415,"z":0.03403019532561302,"w":-0.6845040321350098},"size":0.5999425649642944,"orthographic":false}