{"cameraMode":{"drawMode":0,"name":"Shaded","section":"Shading Mode"},"sceneLighting":true,"audioPlay":false,"sceneViewState":{"showFog":true,"showMaterialUpdate":true,"showSkybox":true,"showFlares":true,"showImageEffects":true,"showParticleSystems":true},"in2DMode":false,"pivot":{"x":-5.3587188720703129,"y":2.094926118850708,"z":-0.5867968797683716},"rotation":{"x":-0.13271908462047578,"y":-0.7884576916694641,"z":0.1852145791053772,"w":-0.5717915296554565},"size":3.2834582328796388,"orthographic":false}