{"cameraMode":{"drawMode":0,"name":"Shaded","section":"Shading Mode"},"sceneLighting":true,"audioPlay":false,"sceneViewState":{"showFog":true,"showMaterialUpdate":true,"showSkybox":true,"showFlares":true,"showImageEffects":true,"showParticleSystems":true},"in2DMode":false,"pivot":{"x":-11.404909133911133,"y":2.238656759262085,"z":-8.793835639953614},"rotation":{"x":0.028338123112916948,"y":-0.7384902238845825,"z":0.029386358335614206,"w":0.6733890175819397},"size":0.31360870599746706,"orthographic":false}