{"cameraMode":{"drawMode":0,"name":"Shaded","section":"Shading Mode"},"sceneLighting":true,"audioPlay":false,"sceneViewState":{"showFog":true,"showMaterialUpdate":true,"showSkybox":true,"showFlares":true,"showImageEffects":true,"showParticleSystems":true},"in2DMode":false,"pivot":{"x":-6.034010410308838,"y":-9.6117582321167,"z":-13.873411178588868},"rotation":{"x":-0.05407784879207611,"y":0.9347512125968933,"z":-0.31413570046424868,"w":-0.15895818173885346},"size":20.005186080932618,"orthographic":false}