{"cameraMode":{"drawMode":0,"name":"Shaded","section":"Shading Mode"},"sceneLighting":true,"audioPlay":false,"sceneViewState":{"showFog":true,"showMaterialUpdate":true,"showSkybox":true,"showFlares":true,"showImageEffects":true,"showParticleSystems":true},"in2DMode":false,"pivot":{"x":12.433449745178223,"y":0.5549131631851196,"z":-4.254511833190918},"rotation":{"x":-0.05948900058865547,"y":-0.9194647669792175,"z":0.15506893396377564,"w":-0.35718032717704775},"size":4.525845050811768,"orthographic":false}