{"cameraMode":{"drawMode":0,"name":"Shaded","section":"Shading Mode"},"sceneLighting":false,"audioPlay":false,"sceneViewState":{"showFog":true,"showMaterialUpdate":true,"showSkybox":false,"showFlares":true,"showImageEffects":true,"showParticleSystems":true},"in2DMode":false,"pivot":{"x":-6.109476089477539e-7,"y":-0.19607174396514893,"z":0.0},"rotation":{"x":-0.020784281194210054,"y":-0.9521697163581848,"z":0.2980031669139862,"w":-0.06652814894914627},"size":2.511645793914795,"orthographic":false}