{"cameraMode":{"drawMode":0,"name":"Shaded","section":"Shading Mode"},"sceneLighting":false,"audioPlay":false,"sceneViewState":{"showFog":true,"showMaterialUpdate":true,"showSkybox":false,"showFlares":true,"showImageEffects":true,"showParticleSystems":true},"in2DMode":false,"pivot":{"x":-9.5367431640625e-7,"y":0.8666965961456299,"z":-0.03107321262359619},"rotation":{"x":-0.12288976460695267,"y":0.7791839241981506,"z":-0.16144852340221406,"w":-0.593095600605011},"size":4.7489166259765629,"orthographic":false}