{"cameraMode":{"drawMode":0,"name":"Shaded","section":"Shading Mode"},"sceneLighting":true,"audioPlay":false,"sceneViewState":{"showFog":true,"showMaterialUpdate":true,"showSkybox":true,"showFlares":true,"showImageEffects":true,"showParticleSystems":true},"in2DMode":false,"pivot":{"x":962.2578735351563,"y":416.2743225097656,"z":-9.289447784423829},"rotation":{"x":0.0008022290421649814,"y":0.9989781379699707,"z":-0.03480808809399605,"w":0.03736121952533722},"size":47.81110382080078,"orthographic":false}