{"cameraMode":{"drawMode":0,"name":"Shaded","section":"Shading Mode"},"sceneLighting":true,"audioPlay":false,"sceneViewState":{"showFog":true,"showMaterialUpdate":true,"showSkybox":false,"showFlares":true,"showImageEffects":true,"showParticleSystems":true},"in2DMode":false,"pivot":{"x":7.206882953643799,"y":-2.5413146018981935,"z":-3.512531042098999},"rotation":{"x":0.08063583076000214,"y":0.8386949896812439,"z":-0.131476491689682,"w":0.5227830410003662},"size":8.504414558410645,"orthographic":false}