{"cameraMode":{"drawMode":0,"name":"Shaded","section":"Shading Mode"},"sceneLighting":true,"audioPlay":false,"sceneViewState":{"showFog":true,"showMaterialUpdate":true,"showSkybox":true,"showFlares":true,"showImageEffects":true,"showParticleSystems":true},"in2DMode":false,"pivot":{"x":-8.20263385772705,"y":2.545982837677002,"z":-22.644344329833986},"rotation":{"x":-0.0013674284564331174,"y":0.9994907379150391,"z":0.035672783851623538,"w":0.018474094569683076},"size":22.0,"orthographic":false}