{"cameraMode":{"drawMode":0,"name":"Shaded","section":"Shading Mode"},"sceneLighting":false,"audioPlay":false,"sceneViewState":{"showFog":true,"showMaterialUpdate":true,"showSkybox":false,"showFlares":true,"showImageEffects":true,"showParticleSystems":true},"in2DMode":false,"pivot":{"x":10.52299976348877,"y":1.1603294610977173,"z":-2.1265084743499758},"rotation":{"x":-0.07068023085594177,"y":-0.37507516145706179,"z":0.029943883419036866,"w":-0.9240760803222656},"size":22.0,"orthographic":false}