{"cameraMode":{"drawMode":0,"name":"Shaded","section":"Shading Mode"},"sceneLighting":true,"audioPlay":false,"sceneViewState":{"showFog":true,"showMaterialUpdate":true,"showSkybox":true,"showFlares":true,"showImageEffects":true,"showParticleSystems":true},"in2DMode":false,"pivot":{"x":-19.743532180786134,"y":-0.719714343547821,"z":0.6121302247047424},"rotation":{"x":-0.039281949400901797,"y":0.6961553692817688,"z":-0.03749144449830055,"w":-0.7162288427352905},"size":22.0,"orthographic":false}