{"cameraMode":{"drawMode":0,"name":"Shaded","section":"Shading Mode"},"sceneLighting":true,"audioPlay":false,"sceneViewState":{"showFog":true,"showMaterialUpdate":true,"showSkybox":true,"showFlares":true,"showImageEffects":true,"showParticleSystems":true},"in2DMode":false,"pivot":{"x":957.9342651367188,"y":555.8970336914063,"z":24.021751403808595},"rotation":{"x":-0.12012673914432526,"y":-0.7160903811454773,"z":-0.12838438153266908,"w":0.675912082195282},"size":3671.419921875,"orthographic":false}