{"cameraMode":{"drawMode":0,"name":"Shaded","section":"Shading Mode"},"sceneLighting":true,"audioPlay":false,"sceneViewState":{"showFog":true,"showMaterialUpdate":true,"showSkybox":true,"showFlares":true,"showImageEffects":true,"showParticleSystems":true},"in2DMode":false,"pivot":{"x":-16.829879760742189,"y":-0.09917724132537842,"z":13.481301307678223},"rotation":{"x":-0.03560717776417732,"y":0.499797523021698,"z":-0.019949013367295266,"w":-0.8655076026916504},"size":22.0,"orthographic":false}